Workbook

Sheet Souhrn
A1: Data z pilotního uživatelského ověření
A4: Počet účastníků | B4: 12 | D4: Náboráři | E4: 7
A5: Počet scénářů | B5: 7 | D5: Personalistky | E5: 2
A6: Dokončené průchody | B6: =COUNTIF(Mereni!E2:E48,"ano") -> 42 | D6: Interní uchazeči | E6: 2
A7: Zaznamenané chyby | B7: =SUM(Mereni!H2:H48) -> 9 | D7: Vedoucí | E7: 1
A9: Scénář | B9: Popis | C9: Dokončení | D9: Potřeba asistence | E9: Medián času | F9: Rozsah času | G9: Počet chyb | H9: Priorita | I9: Poznámka | J9: Scénář | K9: Medián času (s) | L9: Počet chyb
A10: S1 | B10: Založení a publikace nové pracovní pozice | C10: =COUNTIFS(Mereni!$A$2:$A$48,A10,Mereni!$E$2:$E$48,"ano")&"/"&COUNTIF(Mereni!$A$2:$A$48,A10) -> 7/7 | D10: =SUMIF(Mereni!$A$2:$A$48,A10,Mereni!$G$2:$G$48) -> 0 | E10: =IFERROR(__xludf.DUMMYFUNCTION("INT(MEDIAN(FILTER(Mereni!$F$2:$F$48,(Mereni!$A$2:$A$48=A10)*(Mereni!$E$2:$E$48=""ano"")))/60)&"" min ""&TEXT(MOD(MEDIAN(FILTER(Mereni!$F$2:$F$48,(Mereni!$A$2:$A$48=A10)*(Mereni!$E$2:$E$48=""ano""))),60),""00"")&"" s"""),"3 min 05 s") -> 3 min 05 s | F10: =IFERROR(__xludf.DUMMYFUNCTION("INT(MIN(FILTER(Mereni!$F$2:$F$48,(Mereni!$A$2:$A$48=A10)*(Mereni!$E$2:$E$48=""ano"")))/60)&"" min ""&TEXT(MOD(MIN(FILTER(Mereni!$F$2:$F$48,(Mereni!$A$2:$A$48=A10)*(Mereni!$E$2:$E$48=""ano""))),60),""00"")&"" s - ""&INT(MAX(FILTER(Mereni!$F$2:$F$48,(Mereni"&"!$A$2:$A$48=A10)*(Mereni!$E$2:$E$48=""ano"")))/60)&"" min ""&TEXT(MOD(MAX(FILTER(Mereni!$F$2:$F$48,(Mereni!$A$2:$A$48=A10)*(Mereni!$E$2:$E$48=""ano""))),60),""00"")&"" s"""),"2 min 45 s - 3 min 40 s") -> 2 min 45 s - 3 min 40 s | G10: =SUMIF(Mereni!$A$2:$A$48,A10,Mereni!$H$2:$H$48) -> 2 | H10: nízká | I10: Nabídku dokázali založit všichni náboráři. Drobné chyby se týkaly hlavně kontroly číselníkových hodnot před publikací. | J10: S1 | K10: 185 | L10: 2
A11: S2 | B11: Zpracování přihlášky a změna stavu uchazeče | C11: =COUNTIFS(Mereni!$A$2:$A$48,A11,Mereni!$E$2:$E$48,"ano")&"/"&COUNTIF(Mereni!$A$2:$A$48,A11) -> 7/7 | D11: =SUMIF(Mereni!$A$2:$A$48,A11,Mereni!$G$2:$G$48) -> 1 | E11: =IFERROR(__xludf.DUMMYFUNCTION("INT(MEDIAN(FILTER(Mereni!$F$2:$F$48,(Mereni!$A$2:$A$48=A11)*(Mereni!$E$2:$E$48=""ano"")))/60)&"" min ""&TEXT(MOD(MEDIAN(FILTER(Mereni!$F$2:$F$48,(Mereni!$A$2:$A$48=A11)*(Mereni!$E$2:$E$48=""ano""))),60),""00"")&"" s"""),"2 min 30 s") -> 2 min 30 s | F11: =IFERROR(__xludf.DUMMYFUNCTION("INT(MIN(FILTER(Mereni!$F$2:$F$48,(Mereni!$A$2:$A$48=A11)*(Mereni!$E$2:$E$48=""ano"")))/60)&"" min ""&TEXT(MOD(MIN(FILTER(Mereni!$F$2:$F$48,(Mereni!$A$2:$A$48=A11)*(Mereni!$E$2:$E$48=""ano""))),60),""00"")&"" s - ""&INT(MAX(FILTER(Mereni!$F$2:$F$48,(Mereni"&"!$A$2:$A$48=A11)*(Mereni!$E$2:$E$48=""ano"")))/60)&"" min ""&TEXT(MOD(MAX(FILTER(Mereni!$F$2:$F$48,(Mereni!$A$2:$A$48=A11)*(Mereni!$E$2:$E$48=""ano""))),60),""00"")&"" s"""),"2 min 10 s - 3 min 00 s") -> 2 min 10 s - 3 min 00 s | G11: =SUMIF(Mereni!$A$2:$A$48,A11,Mereni!$H$2:$H$48) -> 1 | H11: nízká | I11: Změna stavu uchazeče byla dobře čitelná. Jediná asistence souvisela s odlišením interní poznámky od komunikace směrem ke kandidátovi. | J11: S2 | K11: 150 | L11: 1
A12: S3 | B12: Naplánování pohovoru a odeslání pozvánek | C12: =COUNTIFS(Mereni!$A$2:$A$48,A12,Mereni!$E$2:$E$48,"ano")&"/"&COUNTIF(Mereni!$A$2:$A$48,A12) -> 7/7 | D12: =SUMIF(Mereni!$A$2:$A$48,A12,Mereni!$G$2:$G$48) -> 1 | E12: =IFERROR(__xludf.DUMMYFUNCTION("INT(MEDIAN(FILTER(Mereni!$F$2:$F$48,(Mereni!$A$2:$A$48=A12)*(Mereni!$E$2:$E$48=""ano"")))/60)&"" min ""&TEXT(MOD(MEDIAN(FILTER(Mereni!$F$2:$F$48,(Mereni!$A$2:$A$48=A12)*(Mereni!$E$2:$E$48=""ano""))),60),""00"")&"" s"""),"2 min 45 s") -> 2 min 45 s | F12: =IFERROR(__xludf.DUMMYFUNCTION("INT(MIN(FILTER(Mereni!$F$2:$F$48,(Mereni!$A$2:$A$48=A12)*(Mereni!$E$2:$E$48=""ano"")))/60)&"" min ""&TEXT(MOD(MIN(FILTER(Mereni!$F$2:$F$48,(Mereni!$A$2:$A$48=A12)*(Mereni!$E$2:$E$48=""ano""))),60),""00"")&"" s - ""&INT(MAX(FILTER(Mereni!$F$2:$F$48,(Mereni"&"!$A$2:$A$48=A12)*(Mereni!$E$2:$E$48=""ano"")))/60)&"" min ""&TEXT(MOD(MAX(FILTER(Mereni!$F$2:$F$48,(Mereni!$A$2:$A$48=A12)*(Mereni!$E$2:$E$48=""ano""))),60),""00"")&"" s"""),"2 min 15 s - 3 min 25 s") -> 2 min 15 s - 3 min 25 s | G12: =SUMIF(Mereni!$A$2:$A$48,A12,Mereni!$H$2:$H$48) -> 1 | H12: střední | I12: Naplánování pohovoru bylo dokončeno všemi účastníky, ale scénář měl střední prioritu kvůli potřebě lépe vysvětlit výběr účastníků a odeslání pozvánek. | J12: S3 | K12: 165 | L12: 1
A13: S4 | B13: Převod uchazeče na zaměstnance a spuštění vstupní agendy | C13: =COUNTIFS(Mereni!$A$2:$A$48,A13,Mereni!$E$2:$E$48,"ano")&"/"&COUNTIF(Mereni!$A$2:$A$48,A13) -> 7/9 | D13: =SUMIF(Mereni!$A$2:$A$48,A13,Mereni!$G$2:$G$48) -> 2 | E13: =IFERROR(__xludf.DUMMYFUNCTION("INT(MEDIAN(FILTER(Mereni!$F$2:$F$48,(Mereni!$A$2:$A$48=A13)*(Mereni!$E$2:$E$48=""ano"")))/60)&"" min ""&TEXT(MOD(MEDIAN(FILTER(Mereni!$F$2:$F$48,(Mereni!$A$2:$A$48=A13)*(Mereni!$E$2:$E$48=""ano""))),60),""00"")&"" s"""),"2 min 30 s") -> 2 min 30 s | F13: =IFERROR(__xludf.DUMMYFUNCTION("INT(MIN(FILTER(Mereni!$F$2:$F$48,(Mereni!$A$2:$A$48=A13)*(Mereni!$E$2:$E$48=""ano"")))/60)&"" min ""&TEXT(MOD(MIN(FILTER(Mereni!$F$2:$F$48,(Mereni!$A$2:$A$48=A13)*(Mereni!$E$2:$E$48=""ano""))),60),""00"")&"" s - ""&INT(MAX(FILTER(Mereni!$F$2:$F$48,(Mereni"&"!$A$2:$A$48=A13)*(Mereni!$E$2:$E$48=""ano"")))/60)&"" min ""&TEXT(MOD(MAX(FILTER(Mereni!$F$2:$F$48,(Mereni!$A$2:$A$48=A13)*(Mereni!$E$2:$E$48=""ano""))),60),""00"")&"" s"""),"2 min 00 s - 3 min 25 s") -> 2 min 00 s - 3 min 25 s | G13: =SUMIF(Mereni!$A$2:$A$48,A13,Mereni!$H$2:$H$48) -> 3 | H13: vysoká | I13: Nejproblematičtější scénář. Část účastníků zaměňovala dokončení náborového kroku se spuštěním navazující vstupní agendy. | J13: S4 | K13: 150 | L13: 3
A14: S5 | B14: Vyplnění kroku vstupní agendy a nahrání požadovaných dokumentů | C14: =COUNTIFS(Mereni!$A$2:$A$48,A14,Mereni!$E$2:$E$48,"ano")&"/"&COUNTIF(Mereni!$A$2:$A$48,A14) -> 2/2 | D14: =SUMIF(Mereni!$A$2:$A$48,A14,Mereni!$G$2:$G$48) -> 0 | E14: =IFERROR(__xludf.DUMMYFUNCTION("INT(MEDIAN(FILTER(Mereni!$F$2:$F$48,(Mereni!$A$2:$A$48=A14)*(Mereni!$E$2:$E$48=""ano"")))/60)&"" min ""&TEXT(MOD(MEDIAN(FILTER(Mereni!$F$2:$F$48,(Mereni!$A$2:$A$48=A14)*(Mereni!$E$2:$E$48=""ano""))),60),""00"")&"" s"""),"5 min 15 s") -> 5 min 15 s | F14: =IFERROR(__xludf.DUMMYFUNCTION("INT(MIN(FILTER(Mereni!$F$2:$F$48,(Mereni!$A$2:$A$48=A14)*(Mereni!$E$2:$E$48=""ano"")))/60)&"" min ""&TEXT(MOD(MIN(FILTER(Mereni!$F$2:$F$48,(Mereni!$A$2:$A$48=A14)*(Mereni!$E$2:$E$48=""ano""))),60),""00"")&"" s - ""&INT(MAX(FILTER(Mereni!$F$2:$F$48,(Mereni"&"!$A$2:$A$48=A14)*(Mereni!$E$2:$E$48=""ano"")))/60)&"" min ""&TEXT(MOD(MAX(FILTER(Mereni!$F$2:$F$48,(Mereni!$A$2:$A$48=A14)*(Mereni!$E$2:$E$48=""ano""))),60),""00"")&"" s"""),"5 min 00 s - 5 min 30 s") -> 5 min 00 s - 5 min 30 s | G14: =SUMIF(Mereni!$A$2:$A$48,A14,Mereni!$H$2:$H$48) -> 1 | H14: střední | I14: Interní zaměstnanci v roli uchazeče úkol dokončili, ale jeden účastník se vracel kvůli nejistotě ohledně typu dokumentu. | J14: S5 | K14: 315 | L14: 1
A15: S6 | B15: Kontrola reportu náborové průchodnosti | C15: =COUNTIFS(Mereni!$A$2:$A$48,A15,Mereni!$E$2:$E$48,"ano")&"/"&COUNTIF(Mereni!$A$2:$A$48,A15) -> 1/1 | D15: =SUMIF(Mereni!$A$2:$A$48,A15,Mereni!$G$2:$G$48) -> 0 | E15: =IFERROR(__xludf.DUMMYFUNCTION("INT(MEDIAN(FILTER(Mereni!$F$2:$F$48,(Mereni!$A$2:$A$48=A15)*(Mereni!$E$2:$E$48=""ano"")))/60)&"" min ""&TEXT(MOD(MEDIAN(FILTER(Mereni!$F$2:$F$48,(Mereni!$A$2:$A$48=A15)*(Mereni!$E$2:$E$48=""ano""))),60),""00"")&"" s"""),"2 min 50 s") -> 2 min 50 s | F15: =IFERROR(__xludf.DUMMYFUNCTION("INT(MIN(FILTER(Mereni!$F$2:$F$48,(Mereni!$A$2:$A$48=A15)*(Mereni!$E$2:$E$48=""ano"")))/60)&"" min ""&TEXT(MOD(MIN(FILTER(Mereni!$F$2:$F$48,(Mereni!$A$2:$A$48=A15)*(Mereni!$E$2:$E$48=""ano""))),60),""00"")&"" s - ""&INT(MAX(FILTER(Mereni!$F$2:$F$48,(Mereni"&"!$A$2:$A$48=A15)*(Mereni!$E$2:$E$48=""ano"")))/60)&"" min ""&TEXT(MOD(MAX(FILTER(Mereni!$F$2:$F$48,(Mereni!$A$2:$A$48=A15)*(Mereni!$E$2:$E$48=""ano""))),60),""00"")&"" s"""),"2 min 50 s - 2 min 50 s") -> 2 min 50 s - 2 min 50 s | G15: =SUMIF(Mereni!$A$2:$A$48,A15,Mereni!$H$2:$H$48) -> 0 | H15: nízká | I15: Vedoucí zaměstnanec report našel bez asistence. Scénář potvrdil srozumitelnost základního manažerského přehledu. | J15: S6 | K15: 170 | L15: 0
A16: S7 | B16: Ověření notifikace a reakce na přidělený úkol | C16: =COUNTIFS(Mereni!$A$2:$A$48,A16,Mereni!$E$2:$E$48,"ano")&"/"&COUNTIF(Mereni!$A$2:$A$48,A16) -> 11/11 | D16: =SUMIF(Mereni!$A$2:$A$48,A16,Mereni!$G$2:$G$48) -> 0 | E16: =IFERROR(__xludf.DUMMYFUNCTION("INT(MEDIAN(FILTER(Mereni!$F$2:$F$48,(Mereni!$A$2:$A$48=A16)*(Mereni!$E$2:$E$48=""ano"")))/60)&"" min ""&TEXT(MOD(MEDIAN(FILTER(Mereni!$F$2:$F$48,(Mereni!$A$2:$A$48=A16)*(Mereni!$E$2:$E$48=""ano""))),60),""00"")&"" s"""),"1 min 40 s") -> 1 min 40 s | F16: =IFERROR(__xludf.DUMMYFUNCTION("INT(MIN(FILTER(Mereni!$F$2:$F$48,(Mereni!$A$2:$A$48=A16)*(Mereni!$E$2:$E$48=""ano"")))/60)&"" min ""&TEXT(MOD(MIN(FILTER(Mereni!$F$2:$F$48,(Mereni!$A$2:$A$48=A16)*(Mereni!$E$2:$E$48=""ano""))),60),""00"")&"" s - ""&INT(MAX(FILTER(Mereni!$F$2:$F$48,(Mereni"&"!$A$2:$A$48=A16)*(Mereni!$E$2:$E$48=""ano"")))/60)&"" min ""&TEXT(MOD(MAX(FILTER(Mereni!$F$2:$F$48,(Mereni!$A$2:$A$48=A16)*(Mereni!$E$2:$E$48=""ano""))),60),""00"")&"" s"""),"1 min 15 s - 2 min 20 s") -> 1 min 15 s - 2 min 20 s | G16: =SUMIF(Mereni!$A$2:$A$48,A16,Mereni!$H$2:$H$48) -> 1 | H16: nízká | I16: Notifikace byly dobře pochopené napříč rolemi. Jedna chyba se týkala volby mezi seznamem notifikací a přímým přechodem na úkol. | J16: S7 | K16: 100 | L16: 1

Sheet Mereni
A1: Scénář | B1: Účastník | C1: Role | D1: Skupina měření | E1: Dokončeno | F1: Čas (s) | G1: Asistence | H1: Chyby | I1: Čas text | J1: Poznámka
A2: S1 | B2: N01 | C2: Náborář | D2: školení náborářů | E2: ano | F2: 165 | G2: 0 | H2: 0 | I2: 2 min 45 s | J2: Založení nabídky proběhlo bez asistence; uživatel ocenil předvyplněné číselníky.
A3: S1 | B3: N02 | C3: Náborář | D3: školení náborářů | E3: ano | F3: 175 | G3: 0 | H3: 0 | I3: 2 min 55 s | J3: Bez zásadních problémů, pouze krátké ověření významu pole pracoviště.
A4: S1 | B4: N03 | C4: Náborář | D4: školení náborářů | E4: ano | F4: 180 | G4: 0 | H4: 0 | I4: 3 min 00 s | J4: Uživatel se rychle orientoval v rozdělení základních údajů a publikace.
A5: S1 | B5: N04 | C5: Náborář | D5: školení náborářů | E5: ano | F5: 185 | G5: 0 | H5: 1 | I5: 3 min 05 s | J5: Krátký návrat kvůli kontrole rozsahu úvazku před publikací.
A6: S1 | B6: N05 | C6: Náborář | D6: školení náborářů | E6: ano | F6: 190 | G6: 0 | H6: 0 | I6: 3 min 10 s | J6: Průchod plynulý, pozitivně hodnocené uložení rozpracované nabídky.
A7: S1 | B7: N06 | C7: Náborář | D7: školení náborářů | E7: ano | F7: 205 | G7: 0 | H7: 1 | I7: 3 min 25 s | J7: Chybná volba typu pracovního poměru byla opravena bez asistence.
A8: S1 | B8: N07 | C8: Náborář | D8: školení náborářů | E8: ano | F8: 220 | G8: 0 | H8: 0 | I8: 3 min 40 s | J8: Pomalejší průchod způsobený čtením nápověd a kontrolou povinných polí.
A9: S2 | B9: N01 | C9: Náborář | D9: školení náborářů | E9: ano | F9: 130 | G9: 0 | H9: 0 | I9: 2 min 10 s | J9: Změna stavu uchazeče byla srozumitelná, cílový stav jednoznačně viditelný.
A10: S2 | B10: N02 | C10: Náborář | D10: školení náborářů | E10: ano | F10: 140 | G10: 0 | H10: 0 | I10: 2 min 20 s | J10: Bez chyb, uživatel ocenil zobrazení historie uchazeče.
A11: S2 | B11: N03 | C11: Náborář | D11: školení náborářů | E11: ano | F11: 145 | G11: 0 | H11: 0 | I11: 2 min 25 s | J11: Rychlé zpracování přihlášky, nebyla potřeba asistence.
A12: S2 | B12: N04 | C12: Náborář | D12: školení náborářů | E12: ano | F12: 150 | G12: 0 | H12: 0 | I12: 2 min 30 s | J12: Stav uchazeče byl změněn správně, komentář doplněn dobrovolně.
A13: S2 | B13: N05 | C13: Náborář | D13: školení náborářů | E13: ano | F13: 155 | G13: 1 | H13: 1 | I13: 2 min 35 s | J13: Bylo potřeba vysvětlit rozdíl mezi interní poznámkou a zprávou kandidátovi.
... A28: S4 | B28: N06 | C28: Náborář | D28: školení náborářů | E28: ano | F28: 180 | G28: 0 | H28: 0 | I28: 3 min 00 s | J28: Pomalejší průchod kvůli kontrole údajů uchazeče.
A29: S4 | B29: N07 | C29: Náborář | D29: školení náborářů | E29: ne | G29: 0 | H29: 1 | J29: Uživatel skončil u změny stavu uchazeče a nepokračoval ke spuštění vstupní agendy.
A30: S4 | B30: P01 | C30: Personalistka | D30: školení náborářů | E30: ano | F30: 205 | G30: 0 | H30: 0 | I30: 3 min 25 s | J30: Scénář dokončen po kontrole personálních údajů.
A31: S4 | B31: P02 | C31: Personalistka | D31: školení náborářů | E31: ne | G31: 1 | H31: 1 | J31: Uživatelka si nebyla jistá, zda již pracuje s uchazečem nebo budoucím zaměstnancem.
A32: S5 | B32: U01 | C32: Interní zaměstnanec v roli uchazeče | D32: navazující ověření | E32: ano | F32: 300 | G32: 0 | H32: 0 | I32: 5 min 00 s | J32: Úkol vstupní agendy byl srozumitelný, dokument se podařilo nahrát napoprvé.
A33: S5 | B33: U02 | C33: Interní zaměstnanec v roli uchazeče | D33: navazující ověření | E33: ano | F33: 330 | G33: 0 | H33: 1 | I33: 5 min 30 s | J33: Uživatel se krátce vracel kvůli kontrole typu nahrávaného dokumentu.
A34: S6 | B34: V01 | C34: Vedoucí zaměstnanec | D34: navazující ověření | E34: ano | F34: 170 | G34: 0 | H34: 0 | I34: 2 min 50 s | J34: Report byl dohledán rychle, vedoucí ocenil souhrnný pohled na průchodnost.
A35: S7 | B35: N01 | C35: Náborář | D35: školení náborářů | E35: ano | F35: 75 | G35: 0 | H35: 0 | I35: 1 min 15 s | J35: Notifikace byla rozpoznána a vyřízena bez zaváhání.
A36: S7 | B36: N02 | C36: Náborář | D36: školení náborářů | E36: ano | F36: 82 | G36: 0 | H36: 0 | I36: 1 min 22 s | J36: Bez problému.
A37: S7 | B37: N03 | C37: Náborář | D37: školení náborářů | E37: ano | F37: 90 | G37: 0 | H37: 0 | I37: 1 min 30 s | J37: Uživatel rychle přešel z notifikace na detail úkolu.
A38: S7 | B38: N04 | C38: Náborář | D38: školení náborářů | E38: ano | F38: 95 | G38: 0 | H38: 0 | I38: 1 min 35 s | J38: Postup plynulý.
A39: S7 | B39: N05 | C39: Náborář | D39: školení náborářů | E39: ano | F39: 98 | G39: 0 | H39: 0 | I39: 1 min 38 s | J39: Notifikace byla srozumitelná.
A40: S7 | B40: N06 | C40: Náborář | D40: školení náborářů | E40: ano | F40: 100 | G40: 0 | H40: 0 | I40: 1 min 40 s | J40: Mediánový průchod bez asistence.
A41: S7 | B41: N07 | C41: Náborář | D41: školení náborářů | E41: ano | F41: 105 | G41: 0 | H41: 1 | I41: 1 min 45 s | J41: Uživatel nejprve otevřel seznam notifikací místo přímo navázaného úkolu.
A42: S7 | B42: P01 | C42: Personalistka | D42: školení náborářů | E42: ano | F42: 110 | G42: 0 | H42: 0 | I42: 1 min 50 s | J42: Bez problému.
A43: S7 | B43: P02 | C43: Personalistka | D43: školení náborářů | E43: ano | F43: 115 | G43: 0 | H43: 0 | I43: 1 min 55 s | J43: Uživatelka ocenila jasné oddělení přečtených a nepřečtených oznámení.
... A45: S7 | B45: U02 | C45: Interní zaměstnanec v roli uchazeče | D45: navazující ověření | E45: ano | F45: 140 | G45: 0 | H45: 0 | I45: 2 min 20 s | J45: Pomalejší orientace, ale bez asistence.

Sheet Poznamky
A1: Scénář | B1: Priorita | C1: Souhrnná poznámka | D1: Dopad na další iteraci
A2: S1 | B2: nízká | C2: Nabídku dokázali založit všichni náboráři. Drobné chyby se týkaly hlavně kontroly číselníkových hodnot před publikací. | D2: Ponechat bez zásadní změny, pouze průběžně sledovat.
A3: S2 | B3: nízká | C3: Změna stavu uchazeče byla dobře čitelná. Jediná asistence souvisela s odlišením interní poznámky od komunikace směrem ke kandidátovi. | D3: Ponechat bez zásadní změny, pouze průběžně sledovat.
A4: S3 | B4: střední | C4: Naplánování pohovoru bylo dokončeno všemi účastníky, ale scénář měl střední prioritu kvůli potřebě lépe vysvětlit výběr účastníků a odeslání pozvánek. | D4: Lépe vysvětlit účastníky pohovoru a odeslání pozvánek.
A5: S4 | B5: vysoká | C5: Nejproblematičtější scénář. Část účastníků zaměňovala dokončení náborového kroku se spuštěním navazující vstupní agendy. | D5: Zpřesnit přechod mezi náborem a vstupní agendou.
A6: S5 | B6: střední | C6: Interní zaměstnanci v roli uchazeče úkol dokončili, ale jeden účastník se vracel kvůli nejistotě ohledně typu dokumentu. | D6: Zvýraznit typ dokumentu, termín a odpovědnou roli.
A7: S6 | B7: nízká | C7: Vedoucí zaměstnanec report našel bez asistence. Scénář potvrdil srozumitelnost základního manažerského přehledu. | D7: Ponechat bez zásadní změny, pouze průběžně sledovat.
A8: S7 | B8: nízká | C8: Notifikace byly dobře pochopené napříč rolemi. Jedna chyba se týkala volby mezi seznamem notifikací a přímým přechodem na úkol. | D8: Ponechat bez zásadní změny, pouze průběžně sledovat.

Sheet Respondenti
A1: Účastník | B1: Role | C1: Skupina měření | D1: Testovaná oblast
A2: N01 | B2: Náborář | C2: školení náborářů | D2: náborové workflow
A3: N02 | B3: Náborář | C3: školení náborářů | D3: náborové workflow
A4: N03 | B4: Náborář | C4: školení náborářů | D4: náborové workflow
A5: N04 | B5: Náborář | C5: školení náborářů | D5: náborové workflow
A6: N05 | B6: Náborář | C6: školení náborářů | D6: náborové workflow
A7: N06 | B7: Náborář | C7: školení náborářů | D7: náborové workflow
A8: N07 | B8: Náborář | C8: školení náborářů | D8: náborové workflow
A9: P01 | B9: Personalistka | C9: školení náborářů | D9: personální návaznost
A10: P02 | B10: Personalistka | C10: školení náborářů | D10: personální návaznost
A11: U01 | B11: Interní zaměstnanec v roli uchazeče | C11: navazující ověření | D11: uchazečský pohled
A12: U02 | B12: Interní zaměstnanec v roli uchazeče | C12: navazující ověření | D12: uchazečský pohled
A13: V01 | B13: Vedoucí zaměstnanec | C13: navazující ověření | D13: manažerský dohled

Sheet Ciselnik
A1: Číselník a metodická poznámka
A3: Pole | B3: Význam | C3: Jednotka / hodnoty | D3: Poznámka
A4: Dokončení scénáře | B4: Podíl dokončených průchodů vůči relevantním účastníkům | C4: x/y | D4: Počítá se podle cílového stavu scénáře.
A5: Potřeba asistence | B5: Počet zásahů moderátora | C5: počet | D5: Započteno vysvětlení významu kroku, stavu nebo navigace.
A6: Medián času | B6: Medián dokončených průchodů | C6: min:s | D6: Nedokončené průchody nejsou zahrnuty do mediánu času.
A7: Počet chyb | B7: Chybné volby, návraty nebo slepá místa | C7: počet | D7: Nejde o technické chyby systému, ale o chyby v průchodu scénářem.
A8: Priorita | B8: Expertní priorita zjištění | C8: nízká / střední / vysoká | D8: Určeno podle dopadu na průchod procesu a četnosti výskytu.
A9: Skupina měření | B9: Kontext, ve kterém byl scénář měřen | C9: školení / navazující ověření | D9: Personalisté a interní zaměstnanci jsou vedeni samostatně.
A10: Zdroj dat | B10: Reálné měření průchodů scénáři | C10: pozorování, čas, komentáře | D10: Podklad pro kapitolu 7 diplomové práce.
